format	fm-lint-roots-v1
meta	shellcheck_version	0.11.0
meta	platform	Linux x86_64
meta	image_os	unknown
meta	image_version	unknown
meta	mode	full
meta	partition	all
meta	jobs	4
meta	bounds_enforced	1
meta	root_deadline_seconds	1200
meta	root_kill_grace_seconds	5
meta	root_memory_limit_kib	12582912
meta	timing_mechanism	perl
begin	1	bin/fm-timeout-lib.sh	1	full	1790477291877
begin	2	bin/fm-wake-lib.sh	0	full	1790477291879
end	1	bin/fm-timeout-lib.sh	1	full	1790477291877	1790477292082	205	0	ok	unavailable
end	2	bin/fm-wake-lib.sh	0	full	1790477291879	1790477298113	6234	0	ok	unavailable
meta	roots_begun	2
meta	roots_completed	2
meta	roots_unfinished	0
meta	result_exit	0
